HymnNumber,Title,Tune,PrintedStanzaCount,VerificationStatus,VerificationSource,VerifiedBy,VerifiedDate,ReviewNote
331,The Advent of Our King,ST. THOMAS,,PENDING,,,,
332,"Savior of the Nations, Come","NUN KOMM, DER HEIDEN HEILAND",,PENDING,,,,
333,Once He Came in Blessing,GOTTES SOHN IST KOMMEN,,PENDING,,,,
334,"O Lord, How Shall I Meet You",WIE SOLL ICH DICH EMPFANGEN,,PENDING,,,,
335,"O Bride of Christ, Rejoice",WO SOLL ICH FLIEHEN HIN,,PENDING,,,,
336,Lo! He Comes with Clouds Descending,HELMSLEY,,PENDING,,,,
337,The Night Will Soon Be Ending,LLANGLOFFAN,,PENDING,,,,
338,"Come, Thou Long-Expected Jesus",JEFFERSON,,PENDING,,,,
339,"Lift Up Your Heads, You Everlasting Doors",CONRAD,,PENDING,,,,
340,"Lift Up Your Heads, Ye Mighty Gates",MACHT HOCH DIE TÜR,,PENDING,,,,
341,"Lift Up Your Heads, Ye Mighty Gates",MILWAUKEE,,PENDING,,,,
342,What Hope! An Eden Prophesied,CONSOLATION,,PENDING,,,,
343,Prepare the Royal Highway,BEREDEN VÄG FÖR HERRAN,,PENDING,,,,
344,On Jordan's Bank the Baptist's Cry,PUER NOBIS,,PENDING,,,,
345,Hark! A Thrilling Voice Is Sounding,MERTON,,PENDING,,,,
346,When All the World Was Cursed,WAS FRAG ICH NACH DER WELT,,PENDING,,,,
347,"Comfort, Comfort Ye My People",FREU DICH SEHR,,PENDING,,,,
348,The King Shall Come When Morning Dawns,CONSOLATION,,PENDING,,,,
349,Hark the Glad Sound,CHESTERFIELD,,PENDING,,,,
350,"Come, Thou Precious Ransom, Come",MEINEN JESUM LASS' ICH NICHT (DARMSTADT),,PENDING,,,,
351,Creator of the Stars of Night,CONDITOR ALME SIDERUM,,PENDING,,,,
352,Let the Earth Now Praise the Lord,"NUN KOMM, DER HEIDEN HEILAND",,PENDING,,,,
353,"Jesus Came, the Heavens Adoring","SIEH, HIER BIN ICH",,PENDING,,,,
354,"Arise, O Christian People",AUS MEINES HERZENS GRUNDE,,PENDING,,,,
355,"O Savior, Rend the Heavens Wide","O HEILAND, REISS DIE HIMMEL AUF",,PENDING,,,,
356,The Angel Gabriel from Heaven Came,GABRIEL'S MESSAGE,,PENDING,,,,
357,"O Come, O Come, Emmanuel",VENI EMMANUEL,,PENDING,,,,
358,From Heaven Above to Earth I Come,VOM HIMMEL HOCH,,PENDING,,,,
359,"Lo, How a Rose E'er Blooming",ES IST EIN ROS (Rhythmic),,PENDING,,,,
360,All My Heart Again Rejoices,FROHLICH SOLL MEIN HERZE SPRINGEN,,PENDING,,,,
361,O Little Town of Bethlehem,ST. LOUIS,,PENDING,,,,
362,O Sing of Christ,FOREST GREEN,,PENDING,,,,
363,"Silent Night, Holy Night",STILLE NACHT,,PENDING,,,,
364,Away in a Manger,AWAY IN A MANGER,,PENDING,,,,
365,Away in a Manger,CRADLE SONG,,PENDING,,,,
366,It Came Upon the Midnight Clear,CAROL,,PENDING,,,,
367,Angels from the Realms of Glory,REGENT SQUARE,,PENDING,,,,
368,Angels We Have Heard on High,GLORIA,,PENDING,,,,
369,Where Shepherds Lately Knelt,MANGER SONG,,PENDING,,,,
370,What Child Is This,GREENSLEEVES,,PENDING,,,,
371,Let Our Gladness Banish Sadness,CAS RADOSTI,,PENDING,,,,
372,"O Jesus Christ, Thy Manger Is",IN PARADISUM,,PENDING,,,,
373,See Amid the Winter's Snow,HUMILTY,,PENDING,,,,
374,Gentle Mary Laid Her Child,TEMPUS ADEST FLORIDUM,,PENDING,,,,
375,"Come, Your Hearts and Voices Raising",QUEM PASTORES,,PENDING,,,,
376,Once in Royal David's City,IRBY,,PENDING,,,,
377,On Christmas Night All Christians Sing,SUSSEX CAROL,,PENDING,,,,
378,"Break Forth, O Beauteous Heavenly Light",ERMUNTRE DICH,,PENDING,,,,
379,"O Come, All Ye Faithful",ADESTE FIDELIS,,PENDING,,,,
380,Hark! The Herald Angels Sing,MENDELSSOHN,,PENDING,,,,
381,Let Our Gladness Have No End,NARODIL SE KRISTUS PAN,,PENDING,,,,
382,"We Praise You, Jesus, at Your Birth",GELOBET SEIST DU,,PENDING,,,,
383,A Great and Mighty Wonder,ES IST EIN ROS (Isorhythmic),,PENDING,,,,
384,Of the Father's Love Begotten,DIVINUM MYSTERIUM,,PENDING,,,,
385,From East to West,VOM HIMMEL HOCH,,PENDING,,,,
386,"Now Sing We, Now Rejoice",IN DULCI JUBILO,,PENDING,,,,
387,Joy to the World,ANTIOCH,,PENDING,,,,
388,Go Tell It on the Mountain,GO TELL IT,,PENDING,,,,
389,Let All Together Praise Our God,"LOBT GOTT, IHR CHRISTEN",,PENDING,,,,
390,Let Us All with Gladsome Voice,LASST UNS ALLE,,PENDING,,,,
391,"Rejoice, Rejoice This Happy Morn",WIE SCHON LEUCHTET,,PENDING,,,,
392,God Loves Me Dearly,GOTT IST DIE LIEBE,,PENDING,,,,
393,"Infant Holy, Infant Lowly",W ZLOBIE LEZY,,PENDING,,,,
394,Songs of Thankfulness and Praise,"ST.GEORGE'S, WINDSOR",,PENDING,,,,
395,"O Morning Star, How Fair and Bright",WIE SCHON LEUCHTET,,PENDING,,,,
396,Arise and Shine in Splendor,"O WELT, ICH MUSS DICH LASSEN",,PENDING,,,,
397,As with Gladness Men of Old,DIX,,PENDING,,,,
398,Hail to the Lord's Anointed,"FREUT EUCH, IHR LIEBEN",,PENDING,,,,
399,The Star Proclaims the King Is Here,WO GOTT ZUM HAUS,,PENDING,,,,
400,Brightest and Best of the Stars of the Morning,MORNING STAR,,PENDING,,,,
401,"From God the Father, Virgin-Born",DEUS TUORUM MILITUM,,PENDING,,,,
402,The Only Son from Heaven,"HERR CHRIST, DER EINIG GOTTS SOHN",,PENDING,,,,
403,O Savior of Our Fallen Race,PUTNAM,,PENDING,,,,
404,"Jesus, Once with Sinners Numbered",MISSISSIPPI,,PENDING,,,,
405,To Jordan's River Came Our Lord,WINCHESTER NEW,,PENDING,,,,
406,"To Jordan Came the Christ, Our Lord","CHRIST, UNSER HERR",,PENDING,,,,
407,"To Jordan Came the Christ, Our Lord",ELVET BANKS,,PENDING,,,,
408,"Come, Join in Cana's Feast",FRANCONIA,,PENDING,,,,
409,"Hail, O Source of Every Blessing",O DURCHBRECHER,,PENDING,,,,
410,Within the Father's House,FRANCONIA,,PENDING,,,,
411,I Want to Walk as a Child of the Light,HOUSTON,,PENDING,,,,
412,The People That in Darkness Sat,"LOBT GOTT, IHR CHRISTEN",,PENDING,,,,
413,O Wondrous Type! O Vision Fair,DEO GRACIAS,,PENDING,,,,
414,"'Tis Good, Lord, to Be Here",POTSDAM,,PENDING,,,,
415,Jesus on the Mountain Peak,SEWARD,,PENDING,,,,
416,Swiftly Pass the Clouds of Glory,LOVE'S LIGHT,,PENDING,,,,
417,"Alleluia, Song of Gladness",LAUDA ANIMA,,PENDING,,,,
418,"O Lord, Throughout These Forty Days",CAITHNESS,,PENDING,,,,
419,"Savior, When in Dust to Thee",ABERYSTWYTH,,PENDING,,,,
420,"Christ, the Life of All the Living","JESU, MEINES LEBENS LEBEN",,PENDING,,,,
421,"Jesus, Grant That Balm and Healing",DER AM KREUZ,,PENDING,,,,
422,On My Heart Imprint Your Image,DER AM KREUZ,,PENDING,,,,
423,"Jesus, Refuge of the Weary",O DU LIEBE MEINER LIEBE,,PENDING,,,,
424,"O Christ, You Walked the Road",SOUTHWELL,,PENDING,,,,
425,When I Survey the Wondrous Cross,HAMBURG,,PENDING,,,,
426,When I Survey the Wondrous Cross,ROCKINGHAM OLD,,PENDING,,,,
427,In the Cross of Christ I Glory,RATHBUN,,PENDING,,,,
428,"Cross of Jesus, Cross of Sorrow",CROSS OF JESUS,,PENDING,,,,
429,We Sing the Praise of Him Who Died,WINDHAM,,PENDING,,,,
430,My Song Is Love Unknown,LOVE UNKNOWN,,PENDING,,,,
431,Not All the Blood of Beasts,SOUTHWELL,,PENDING,,,,
432,In Silent Pain the Eternal Son,REALITY,,PENDING,,,,
433,Glory Be to Jesus,WEM IN LEIDENSTAGEN,,PENDING,,,,
434,"Lamb of God, Pure and Holy","O LAMM FOTTES, UNSCHULDIG",,PENDING,,,,
435,Come to Calvary's Holy Mountain,NAAR MIT OIE,,PENDING,,,,
436,Go to Dark Gethsemane,GETHSEMANE,,PENDING,,,,
437,Alas! And Did My Savior Bleed,MARTYDOM,,PENDING,,,,
438,A Lamb Goes Uncomplaining Forth,AN WASSERFLUSSEN BABYLON,,PENDING,,,,
439,"O Dearest Hesus, What Law Hast Thou Broken",HERZLIEBSTER JESU,,PENDING,,,,
440,"Jesus, I Will Ponder Now","JESU KREUZ, LEIDEN UND PEIN",,PENDING,,,,
441,"Ride On, Ride on in Majesty",WINCHESTER NEW,,PENDING,,,,
442,"All Glory, Laud, and Honor",VALET WILL ICH DIR GEBEN,,PENDING,,,,
443,"Hosanna, Loud Hosanna",ELLACOMBE,,PENDING,,,,
444,No Tramp of Soldiers' Marching Feet,KINGSFOLD,,PENDING,,,,
445,When You Woke That Thursday Morning,JOYOUS LIGHT,,PENDING,,,,
446,"Jesus, Greatest at the Table",NEW MALDEN,,PENDING,,,,
447,"Jesus, in Your Dying Woes",SEPTEM VERBA,,PENDING,,,,
448,O Darkest Woe,O TRAURIGKEIT,,PENDING,,,,
449,"O Sacred Head, Now Wounded",HERZLICH TUT MICH VERLANGEN (Isorhythmic),,PENDING,,,,
450,"O Sacred Head, Now Wounded",HERZLICH TUT MICH VERLANGEN (Rhythmic),,PENDING,,,,
451,"Stricken, Smitten, and Afflicted","O MEIN JESU, ICH MUSS STERBEN",,PENDING,,,,
452,O Perfect Life of Love,SOUTHWELL,,PENDING,,,,
453,Upon the Cross Extended,"O WELT, ICH MUSS DICH LASSEN",,PENDING,,,,
454,"Sing, My Tongue, the Glorious Battle",FORTUNATUS NEW,,PENDING,,,,
455,The Royal Banners Forward Go,VEXILLA REGIS NOVA,,PENDING,,,,
456,Were You There,WERE YOU THERE,,PENDING,,,,
457,Jesus Christ Is Risen Today,EASTER HYMN,,PENDING,,,,
458,Christ Jesus Lay in Death's Strong Bands,CHRIST LAG IN TODESBANDEN,,PENDING,,,,
459,Christ Is Arisen,CHRIST IST ERSTANDEN,,PENDING,,,,
460,"Christians, to the Paschal Victim",VICTIMAE PASCHALI,,PENDING,,,,
461,I Know That My Redeemer Lives,DUKE STREET,,PENDING,,,,
462,All the Earth with Joy Is Sounding,MICHAEL,,PENDING,,,,
463,Christ the Lord Is Risen Today; Alleluia,LLANFAIR,,PENDING,,,,
464,"The Strife Is O'er, the Battle Done",VICTORY,,PENDING,,,,
465,Now All the Vault of Heaven Resounds,LASST UNS ERFREUEN,,PENDING,,,,
466,"Christ Has Arisen, Alleluia",MFURAHINI HALELUYA,,PENDING,,,,
467,"Awake, My Heart, with Gladness","AUF, AUF, MEIN HERZ",,PENDING,,,,
468,I Am Content! My Jesus Ever Lives,ES IST GENUG,,PENDING,,,,
469,Christ the Lord Is Risen Today,ORIENTIS PARTIBUS,,PENDING,,,,
470,O Sons and Daughters of the King,GELOBT SEI GOTT,,PENDING,,,,
471,O Sons and Daughters of the King,O FILII ET FILIAE,,PENDING,,,,
472,These Things Did Thomas Count as Real,REALITER,,PENDING,,,,
473,"Our Paschal Lamb, That Sets Us Free",REGION THREE,,PENDING,,,,
474,Alleluia! Jesus Is Risen,EARTH AND ALL STARS,,PENDING,,,,
475,"Good Christian Friends, Rejoice and Sing",GELOBT SEI GOTT,,PENDING,,,,
476,Who Are You Who Walk in Sorrow,JEFFERSON,,PENDING,,,,
477,"Alleluia, Alleluia! Hearts to Heaven",HYMN TO JOY,,PENDING,,,,
478,The Day of Resurrection,LANCASHIRE,,PENDING,,,,
479,"Christ Is Risen, Christ Is Living",CENTRAL,,PENDING,,,,
480,"He's Risen, He's Risen",WALTHER,,PENDING,,,,
481,"Scatter the Darkness, Break the Gloom",BESANCON,,PENDING,,,,
482,This Joyful Eastertide,VREUCHTEN,,PENDING,,,,
483,With High Delight Let Us Unite,MIT FREUDEN ZART,,PENDING,,,,
484,Make Songs of Joy,ZPIVEJMEZ VSICKNI VESELE,,PENDING,,,,
485,Long Before the World Is Waking,ALL SAINTS,,PENDING,,,,
486,If Christ Had Not Been Raised from Death,UNION CITY,,PENDING,,,,
487,"Come, You Faithful, Raise the Strain",GAUDEAMUS PARITER,,PENDING,,,,
488,He Is Arisen! Glorious Word,WIE SCHON LEUCHTET,,PENDING,,,,
489,"Hail Thee, Festival Day",SALVE FESTA DIES,,PENDING,,,,
490,Jesus Lives! The Victory's Won,"JESUS, MEINE ZUVERSICHT",,PENDING,,,,
491,Up Through Endless Ranks of Angels,ASCENDED TRIUMPH,,PENDING,,,,
492,On Christ's Ascension I Now Build,NUN FREUT EUCH,,PENDING,,,,
493,A Hymn of Glory Let Us Sing,LASST UNS ERFREUEN,,PENDING,,,,
494,"See, the Lord Ascends in Triumph",REX GLORIAE,,PENDING,,,,
495,"Look, Ye Saints, the Sight Is Glorious",BRYN CALFARIA,,PENDING,,,,
496,"Holy Spirit, Light Divine",SONG 13,,PENDING,,,,
497,"Come, Holy Ghost, God and Lord","KOMM, HEILIGER GEIST, HERRE GOTT",,PENDING,,,,
498,"Come, Holy Ghost, Creator Blest","KOMM, GOTT SCHOPFER",,PENDING,,,,
499,"Come, Holy Ghost, Creator Blest",VENI CREATOR SPIRITUS,,PENDING,,,,
500,"Creator Spirit, by Whose Aid",ALL EHR UND LOB,,PENDING,,,,
501,"Come Down, O Love Divine",DOWN AMPNEY,,PENDING,,,,
502,"Holy Spirit, the Dove Sent from Heaven",SANTO ESPIRITU,,PENDING,,,,
503,O Day Full of Grace,DEN SIGNEDE DAG,,PENDING,,,,
504,Father Most Holy,CHRISTE SANCTORUM,,PENDING,,,,
505,"Triune God, Be Thou Our Stay","GOTT DER VATER, WOHN UNS BEI",,PENDING,,,,
506,Glory Be to God the Father,WORCESTER,,PENDING,,,,
507,"Holy, Holy, Holy",NICAEA,,PENDING,,,,
508,The Day Is Surely Drawing Near,ES IST GEWISSLICH,,PENDING,,,,
509,Christ Is Surely Coming,KING'S WESTON,,PENDING,,,,
510,A Multitude Comes from the East and the West,DER MANGE SKAL KOMME,,PENDING,,,,
511,"Herald, Sound the Note of Judgment",NEW MALDEN,,PENDING,,,,
512,At the Name of Jesus,KING'S WESTON,,PENDING,,,,
513,The Clouds of Judgment Gather,LLANGLOFFAN,,PENDING,,,,
514,The Bridegroom Soon Will Call Us,ACH GOTT VON HIMMELREICHE,,PENDING,,,,
515,"Rejoice, Rejoice, Believers",HAF TRONES LAMPA FARDIG,,PENDING,,,,
516,"Wake, Awake, for Night Is Flying",WACHET AUF,,PENDING,,,,
517,By All Your Saints in Warfare,KING'S LYNN,,PENDING,,,,
518,By All Your Saints in Warfare,KING'S LYNN,,PENDING,,,,
519,In His Temple Now Behold Him,WESTMINSTER ABBEY,,PENDING,,,,
520,"Stars of the Morning, So Gloriously Bright",O QUANTA QUALIA,,PENDING,,,,
521,"Christ, the Lord of Hosts, Unshaken",FORTUNATUS NEW,,PENDING,,,,
522,"Lord God, to Thee We Give All Praise","ERHALT UNS, HERR",,PENDING,,,,
523,O Word of God Incarnate,MUNICH,,PENDING,,,,
524,How Sweet the Name of Jesus Sounds,ST. PETER,,PENDING,,,,
525,Crown Him with Many Crowns,DIADEMATA,,PENDING,,,,
526,You Are the Way; Through You Alone,DUNDEE,,PENDING,,,,
527,"O Savior, Precious Savior",ANGEL'S STORY,,PENDING,,,,
528,"Oh, for a Thousand Tongues to Sing",AZMON,,PENDING,,,,
529,"Since Our Great High Priest, Christ Jesus",ALL SAINTS,,PENDING,,,,
530,"No Temple Now, No Gift of Price",KIRKWOOD,,PENDING,,,,
531,"Hail, Thou Once Despised Jesus",O DURCHBRECHER,,PENDING,,,,
532,The Head That Once Was Crowned with Thorns,ST. MAGNUS,,PENDING,,,,
533,Jesus Has Come and Brings Pleasure,"JESUS IST KOMMEN, GRUND EWIGER FREUDE",,PENDING,,,,
534,"Lord, Enthroned in Heavenly Splendor",BRYN CALFARIA,,PENDING,,,,
535,How Wide the Love of Christ,SWABIA,,PENDING,,,,
536,One Thing's Needful,EINS IST NOT,,PENDING,,,,
537,Beautiful Savior,SCHONSTER HERR JESU,,PENDING,,,,
538,Praise Be to Christ,O GROSSER GOTT,,PENDING,,,,
539,Christ Is the World's Redeemer,MOVILLE,,PENDING,,,,
540,"Christ, the Word of God Incarnate",HOLY MANNA,,PENDING,,,,
541,"""Away from Us!"" the Demon Cried",MCKEE,,PENDING,,,,
542,When I Behold Jesus Christ,MIN AYNET FIQIR NEW,,PENDING,,,,
543,What Wondrous Love Is This,WONDROUS LOVE,,PENDING,,,,
544,"O Love, How Deep",DEO GRACIAS,,PENDING,,,,
545,"Word of God, Come Down on Earth","LIEBSTER JESU, WIR SIND HIER",,PENDING,,,,
546,"O Jesus So Sweet, O Jesus So Mild",O JESULEIN SUSS,,PENDING,,,,
547,The Lamb,WINTER,,PENDING,,,,
548,"Thanks to Thee, O Christ, Victorious",WERDE MUNTER,,PENDING,,,,
549,All Hail the Power of Jesus' Name,CORONATION,,PENDING,,,,
550,Lamb O God,LAMB OF GOD,,PENDING,,,,
551,When to Our World the Savior Came,CANONBURY,,PENDING,,,,
552,"O Christ, Who Shared Our Mortal Live",LORD OF LIFE,,PENDING,,,,
553,"O Christ, Our Hope, Our Heart's Desire",ICH SINGE DIR,,PENDING,,,,
554,"O Jesus, King Most Wonderful",ST. AGNES,,PENDING,,,,
555,Salvation Unto Us Has Come,ES IST DAS HEIL,,PENDING,,,,
556,"Dear Christians, One and All, Rejoice",NUN FREUT EUCH,,PENDING,,,,
557,Seek Where You May to Find a Way,"SUCH, WER DA WILL",,PENDING,,,,
558,Not Unto Us,NOT UNTO US,,PENDING,,,,
559,"Oh, How Great Is Your Compassion","ACH, WAS SOLL ICH SUNDER MACHEN",,PENDING,,,,
560,"Drawn to the Cross, Which Thou Hast Blessed",DUNSTAN,,PENDING,,,,
561,The Tree of Life,TREE OF LIFE,,PENDING,,,,
562,All Mankind Fell in Adam's Fall,WENN WIR IN HOCHSTEN NOTEN SEIN,,PENDING,,,,
563,"Jesus, Thy Blood and Righteousness",ST. CRISPIN,,PENDING,,,,
564,Christ Sits at God's Right Hand,YIGDAL,,PENDING,,,,
565,"Thy Works, Not Mine, O Christ",ST. JOHN,,PENDING,,,,
566,By Grace I'm Saved,O DASS ICH TAUSEND ZUNGEN HATTE (DRETZEL),,PENDING,,,,
567,Not What These Hands Have Done,ENERGY,,PENDING,,,,
568,"If Your Beloved Son, O God",NUN FREUT EUCH,,PENDING,,,,
569,In Adam We Have All Been One,THE SAINTS' DELIGHT,,PENDING,,,,
570,"Just as I Am, Without One Plea",WOODWORTH,,PENDING,,,,
571,God Loved the World So That He Gave,ST. CRISPIN,,PENDING,,,,
572,In the Shattered Bliss of Eden,RUSTINGTON,,PENDING,,,,
573,"Lord, 'Tis Not That I Did Choose Thee",O DU LIEBE MEINER LIEBE,,PENDING,,,,
574,Before the Throne of God Above,DUNEDIN,,PENDING,,,,
575,My Hope Is Built on Nothing Less,MAGDALEN,,PENDING,,,,
576,My Hope Is Built on Nothing Less,THE SOLID ROCK,,PENDING,,,,
577,"Almighty God, Your Word Is Cast",ST. FLAVIAN,,PENDING,,,,
578,Thy Strong Word,EBENEZER,,PENDING,,,,
579,The Law of God Is Good and Wise,"ERHALT UNS, HERR",,PENDING,,,,
580,The Gospel Shows the Father's Grace,"HERR JESU CHRIST, DICH ZU UNS WEND",,PENDING,,,,
581,These Are the Holy Ten Commands,IN GOTTES NAMEN FAHREN WIR,,PENDING,,,,
582,God's Word Is Our Great Heritage,REUTER,,PENDING,,,,
583,God Has Spoken by His Prophets,REX GLORIAE,,PENDING,,,,
584,Faith and Truth and Life Bestowing,HOLY MANNA,,PENDING,,,,
585,"Lord Jesus Christ, with Us Abide",ACH BLEIB BEI UNS,,PENDING,,,,
586,Preach You the Word,"O HEILAND, REISS DIE HIMMEL AUF",,PENDING,,,,
587,I Know My Faith Is Founded,"NUN LOB, MEIN SEEL",,PENDING,,,,
588,Jesus Loves Me,JESUS LOVES ME,,PENDING,,,,
589,"Speak, O Lord, Your Servant Listens",WERDE MUNTER,,PENDING,,,,
590,Baptized Into Your Name Most Holy,O DASS ICH TAUSEND ZUNGEN HATTE (DRETZEL),,PENDING,,,,
591,This Is the Spirit's Entry Now,DAMASCUS ROAD,,PENDING,,,,
592,"Dearest Jesus, We Are Here","LIEBSTER JESU, WIR SIND HIER",,PENDING,,,,
593,See This Wonder in the Making,TRYGGARE KAN INGEN VARA,,PENDING,,,,
594,"God's Own Child, I Gladly Say It",BACHOFEN,,PENDING,,,,
595,O Blessed Spring,O WALY WALY,,PENDING,,,,
596,All Christians Who Have Been Baptized,NUN FREUT EUCH,,PENDING,,,,
597,"Water, Blood, and Spirit Crying",FILTER,,PENDING,,,,
598,Once in the Blest Baptismal Waters,"WER WEISS, WIE NAHE",,PENDING,,,,
599,"O Gracious Lord, with Love Draw Near",DUNEDIN,,PENDING,,,,
600,Mark How the Lamb of God's Self-Offering,RENDEZ A DIEU,,PENDING,,,,
601,All Who Believe and Are Baptized,ES IST DAS HEIL,,PENDING,,,,
602,The Gifts Christ Freely Gives,DENBY,,PENDING,,,,
603,We Know That Christ Is Raised,ENGELBERG,,PENDING,,,,
604,I Bind Unto Myself Today,ST. PATRICK'S BREASTPLATE,,PENDING,,,,
605,Father Welcomes,FATHER WELCOMES,,PENDING,,,,
606,I Lay My Sins on Jesus,MUNICH,,PENDING,,,,
607,From Depths of Woe I Cry to Thee,AUS TIEFER NOT,,PENDING,,,,
608,"Lord, to You I Make Confession","HERR, ICH HABE MISSGEHANDELT",,PENDING,,,,
609,Jesus Sinners Doth Receive,MEINEN JESUM LASS' ICH NICHT (DARMSTADT),,PENDING,,,,
610,"Lord Jesus, Think on Me",SOUTHWELL,,PENDING,,,,
611,Chief of Sinners Though I Be,GETHSEMANE,,PENDING,,,,
612,"As Rebels, Lord, Who Foolishly Have Wandered",WELCOME,,PENDING,,,,
613,"To Thee, Omniscient Lord of All",VATER UNSER,,PENDING,,,,
614,"""As Surely as I Live,"" God Said",ST. LUKE,,PENDING,,,,
615,When in the Hour of Deepest Need,WENN WIR IN HOCHSTEN NOTEN SEIN,,PENDING,,,,
616,Baptismal Waters Cover Me,"GOTTLOB, ES GEHT NUNMEHR ZU ENDE",,PENDING,,,,
617,"O Lord, We Praise Thee",GOTT SEI GELOBET UND GEBENEDEIET,,PENDING,,,,
618,"I Come, O Savior, to Thy Table",ICH STERBE TAGLICH,,PENDING,,,,
619,"Thy Body, Given for Me, O Savior",ICH STERBE TAGLICH,,PENDING,,,,
620,Jesus Comes Today with Healing,ALLES IST AN GOTTES SEGEN,,PENDING,,,,
621,Let All Mortal Flesh Keep Silence,PICARDY,,PENDING,,,,
622,"Lord Jesus Christ, You Have Prepared","DU LEBENSBROT, HERR JESU CHRIST",,PENDING,,,,
623,"Lord Jesus Christ, We Humbly Pray","HERR JESU CHRIST, DICH ZU UNS WEND",,PENDING,,,,
624,The Infant Priest Was Holy Born,ROCKINGHAM OLD,,PENDING,,,,
625,"Lord Jesus Christ, Life-Giving Bread","HERR, WIE DU WILLST",,PENDING,,,,
626,Come Let Us Eat,A VA DE,,PENDING,,,,
627,"Jesus Christ, Our Blessed Savior","JESUS CHRISTUS, UNSER HEILAND",,PENDING,,,,
628,Your Table I Approach,ST. MICHAEL,,PENDING,,,,
629,What Is This Bread,PREPARATION,,PENDING,,,,
630,"Now, My Tongue, the Mystery Telling",GRAFTON,,PENDING,,,,
631,"Here, O My Lord, I See Thee Face to Face",FARLEY CASTLE,,PENDING,,,,
632,"O Jesus, Blessed Lord, to Thee",OLD HUNDREDTH,,PENDING,,,,
633,At the Lamb's High Feast We Sing,SONNE DER GERECHTIGKEIT,,PENDING,,,,
634,"The Death of Jesus Christ, Our Lord","GOTTLOB, ES GEHT NUNMEHR ZU ENDE",,PENDING,,,,
635,"O Gracious Lord, I Firmly Am Believing",OH BUEN JESUS,,PENDING,,,,
636,"Soul, Adorn Yourself with Gladness",SCHMUCKE DICH,,PENDING,,,,
637,Draw Near and Take the Body of the Lord,"OLD 124TH, abbr.",,PENDING,,,,
638,Eat This Bread,EAT THIS BREAD,,PENDING,,,,
639,Wide Open Stand the Gates,"JERUSALEM, DU HOCHGEBAUTE STADT",,PENDING,,,,
640,"Thee We Adore, O Hidden Savior",ADORO TE DEVOTE,,PENDING,,,,
641,You Satisfy the Hungry Heart,BICENTENNIAL,,PENDING,,,,
642,O Living Bread from Heaven,ACH GOTT VOM HIMMELREICHE,,PENDING,,,,
643,Sent Forth by God's Blessing,THE ASH GROVE,,PENDING,,,,
644,The Church's One Foundation,AURELIA,,PENDING,,,,
645,Built on the Rock,KIRKEN DEN ER ET GAMMELT HUS,,PENDING,,,,
646,"Church of God, Elect and Glorious",ABBOT'S LEIGH,,PENDING,,,,
647,"Lord Jesus Christ, the Church's Head",REUTER,,PENDING,,,,
648,Glorious Things of You Are Spoken,AUSTRIA,,PENDING,,,,
649,Blest Be the Tie That Binds,BOYLSTON,,PENDING,,,,
650,"Holy Spirit, Ever Dwelling",IN BABILONE,,PENDING,,,,
651,"I Love Your Kingdom, Lord",ST. THOMAS,,PENDING,,,,
652,"Father, We Thank Thee",RENDEZ A DIEU,,PENDING,,,,
653,In Christ There Is No East of West,MCKEE,,PENDING,,,,
654,"Your Kingdom, O God, Is My Glorious Treasure",GLORIOUS TREASURE,,PENDING,,,,
655,"Lord, Keep Us Steadfast in Your Word","ERHALT UNS, HERR",,PENDING,,,,
656,A Mighty Fortress Is Our God,EIN FESTE BURG (Rhythmic),,PENDING,,,,
657,A Mighty Fortress Is Our God,EIN FESTE BURG (Isorhythmic),,PENDING,,,,
658,"Preserve Your Word, O Savior",MUNICH,,PENDING,,,,
659,Lord of Our Life,ISTE CONFESSOR,,PENDING,,,,
660,"Stand Up, Stand Up for Jesus",WEBB,,PENDING,,,,
661,The Son of God Goes Forth to War,ALL SAINTS NEW,,PENDING,,,,
662,"Onward, Christian Soldiers",ST. GERTRUDE,,PENDING,,,,
663,"Rise, My Soul, to Watch and Pray",STRAF MICH NICHT,,PENDING,,,,
664,Fight the Good Fight,MENDON,,PENDING,,,,
665,Be Strong in the Lord,LAUDATE DOMINUM,,PENDING,,,,
666,"O Little Flock, Fear Not the Foe",KOMMT HER ZU MIR,,PENDING,,,,
667,"Saints, See the Cloud of Witnesses",WOJTKIEWIECZ,,PENDING,,,,
668,Rise! To Arms! With Prayer Employ You,WACHET AUF,,PENDING,,,,
669,"Come, We That Love the Lord",MARCHING TO ZION,,PENDING,,,,
670,Ye Watchers and Ye Holy Ones,LASST UNS ERFREUEN,,PENDING,,,,
671,Sing with All the Saints in Glory,MISSISSIPPI,,PENDING,,,,
672,Jerusalem the Golden,EWING,,PENDING,,,,
673,"Jerusalem, My Happy Home",LAND OF REST,,PENDING,,,,
674,"Jerusalem, O City Fair and High","JERUSALEM, DU HOCHGEBAUTE STADT",,PENDING,,,,
675,"Oh, What Their Joy",O QUANTA QUALIA,,PENDING,,,,
676,"Behold a Host, Arrayed in White",DEN STORE HVIDE FLOK,,PENDING,,,,
677,For All the Saints,SINE NOMINE,,PENDING,,,,
678,We Sing for All the Unsung Saints,ALL SAINTS NEW,,PENDING,,,,
679,"Oh, How Blest Are They",O WIE SELIG,,PENDING,,,,
680,"Thine the Amen, Thine the Praise",THINE,,PENDING,,,,
681,"Send, O Lord, Your Holy Spirit",WERDE MUNTER,,PENDING,,,,
682,"God of the Prophets, Bless the Prophets' Sons","OLD 124TH, abbr.",,PENDING,,,,
683,"Jesus, Thy Boundless Love to Me",RYBURN,,PENDING,,,,
684,"Come Unto Me, Ye Weary",ANTHES,,PENDING,,,,
685,Let Us Ever Walk with Jesus,LASSET UNS MIT JESU ZIEHEN,,PENDING,,,,
686,"Come, Thou Fount of Every Blessing",NETTLETON,,PENDING,,,,
687,"Thine Forever, God of Love",VIENNA,,PENDING,,,,
688,"""Come, Follow Me,"" the Savior Spake","MACHS MIT MIR, GOTT",,PENDING,,,,
689,Let Me Be Thine Forever,LOB GOTT GETROST MIT SINGEN,,PENDING,,,,
690,Hope of the World,EIRENE,,PENDING,,,,
691,"Fruitful Trees, the Spirit's Sowing",DOROTHY,,PENDING,,,,
692,Praise to You and Adoration,FREU DICH SEHR,,PENDING,,,,
693,"O Holy Spirit, Grant Us Grace",ES IST GEWISSLICH,,PENDING,,,,
694,"Thee Will I Love, My Strength, My Tower",ICH WILL DICH LIEBEN,,PENDING,,,,
695,Not for Tongues of Heaven's Angels,BRIDEGROOM,,PENDING,,,,
696,"O God, My Faithful God","O GOTT, DU FROMMER GOTT",,PENDING,,,,
697,"Awake, O Sleeper, Rise from Death",AZMON,,PENDING,,,,
698,"May We Thy Precepts, Lord, Fulfill",MERIBAH,,PENDING,,,,
699,I Heard the Voice of Jesus Say,SARAH-ELIZABETH,,PENDING,,,,
700,"Love Divine, All Loves Excelling",HYFRYDOL,,PENDING,,,,
701,Draw Us to Thee,ACH GOTT UND HERR,,PENDING,,,,
702,My Faith Looks Up to Thee,OLIVET,,PENDING,,,,
703,"How Can I Thank You, Lord","O GOTT, DU FROMMER GOTT",,PENDING,,,,
704,"Renew Me, O Eternal Light","HERR JESU CHRIST, MEINS",,PENDING,,,,
705,The Man Is Ever Blessed,ST. MICHAEL,,PENDING,,,,
706,Love in Christ Is Strong and Living,DOROTHY,,PENDING,,,,
707,"Oh, That the Lord Would Guide My Ways",EVAN,,PENDING,,,,
708,"Lord, Thee I Love with All My Heart",HERZLICH LIEB,,PENDING,,,,
709,The King of Love My Shepherd Is,ST. COLUMBA,,PENDING,,,,
710,"The Lord's My Shepherd, I'll Not Want",BELMONT,,PENDING,,,,
711,"Savior, Like a Shepherd Lead Us",BRADBURY,,PENDING,,,,
712,Seek Ye First,SEEK YE FIRST,,PENDING,,,,
713,From God Can Nothing Move Me,VON GOTT WILL ICH NICHT LASSEN,,PENDING,,,,
714,Who Trusts in God a Strong Abode,WAS MEIN GOTT WILL (Rhythmic),,PENDING,,,,
715,"Jesus, Savior, Pilot Me",PILOT,,PENDING,,,,
716,I Walk in Danger All the Way,DER LIEBEN SONNE LICHT UND PRACHT,,PENDING,,,,
717,"Eternal Father, Strong to Save",MELITA,,PENDING,,,,
718,"Jesus, Lead Thou On",SEELENBRAUTIGAM,,PENDING,,,,
719,I Leave All Things to God's Direction,WER NUR DEN LIEBEN GOTT,,PENDING,,,,
720,We Walk by Faith and Not by Sight,SHANTI,,PENDING,,,,
721,"Lead Me, Guide Me",LEAD ME,,PENDING,,,,
722,"Lord, Take My Hand and Lead Me",SO NIMM DENN MEINE HANDE,,PENDING,,,,
723,The Lord Is My Light,EL SENOR ES MI LUZ,,PENDING,,,,
724,If God Himself Be for Me,IST GOTT FUR MICH,,PENDING,,,,
725,Children of the Heavenly Father,TRYGGARE KAN INGEN VARA,,PENDING,,,,
726,Evening and Morning,DIE GULDNE SONNE,,PENDING,,,,
727,On Eagles' Wings,ON EAGLES' WINGS,,PENDING,,,,
728,How Firm a Foundation,FOUNDATION,,PENDING,,,,
729,"I Am Trusting Thee, Lord Jesus",STEPHANOS,,PENDING,,,,
730,What Is the World to Me,WAS FRAG ICH NACH DER WELT,,PENDING,,,,
731,"O God, Forsake Me Not","O GOTT, DU FROMMER GOTT",,PENDING,,,,
732,All Depends on Our Possessing,ALLES IST AN GOTTES SEGEN,,PENDING,,,,
733,"O God, Our Help in Ages Past",ST. ANNE,,PENDING,,,,
734,"I Trust, O Lord, Your Holy Name",IN DICH HAB ICH GEHOFFET,,PENDING,,,,
735,"Have No Fear, Little Flock",LITTLE FLOCK,,PENDING,,,,
736,Consider How the Birds Above,NORTHCROFT,,PENDING,,,,
737,"Rejoice, My Heart, Be Glad and Sing",ICH SINGE DIR,,PENDING,,,,
738,Lord of All Hopefulness,SLANE,,PENDING,,,,
739,"Precious Lord, Take My Hand",PRECIOUS LORD,,PENDING,,,,
740,I Am Jesus' Little Lamb,WEIL ICH JESU SCHALEIN BIN,,PENDING,,,,
741,"Jesus Christ, My Sure Defense","JESUS, MEINE ZUVERSICHT",,PENDING,,,,
742,For Me to Live Is Jesus,"CHRISTUS, DER IST MEIN LEBEN",,PENDING,,,,
743,"Jesus, Priceless Treasure","JESU, MEINE FREUDE",,PENDING,,,,
744,Amazing Grace,NEW BRITAIN,,PENDING,,,,
745,"In God, My Faithful God",AUF MEINEN LIEBEN GOTT,,PENDING,,,,
746,Through Jesus' Blood and Merit,LOB GOTT GETROST MIT SINGEN,,PENDING,,,,
747,No Saint on Earth Lives Life to Self Alone,SONG 1,,PENDING,,,,
748,I'm but a Stranger Here,HEAVEN IS MY HOME,,PENDING,,,,
749,There Is a Balm in Gilead,BALM IN GILEAD,,PENDING,,,,
750,If Thou but Trust in God to Guide Thee,WER NUR DEN LIEBEN GOTT,,PENDING,,,,
751,"O God of Love, O King of Peace",NYLUNDA,,PENDING,,,,
752,"Be Still, My Soul",FINLANDIA,,PENDING,,,,
753,All for Christ I Have Forsaken,RESTORATION,,PENDING,,,,
754,Entrust Your Days and Burdens,SUFFICIENTIA,,PENDING,,,,
755,In the Very Midst of Life,MITTEN WIR IM LEBEN SIND,,PENDING,,,,
756,Why Should Cross and Trial Grieve Me,WARUM SOLLT ICH MICH DENN GRAMEN,,PENDING,,,,
757,"Lord, It Belongs Not to My Care",ST. FULBERT,,PENDING,,,,
758,The Will of God Is Always Best,WAS MEIN GOTT WILL (Isorhythmic),,PENDING,,,,
759,This Body in the Grave We Lay,NUN LASST UNS DEN LEIB,,PENDING,,,,
760,What God Ordains Is Always Good,WAS GOTT TUT,,PENDING,,,,
761,"Rock of Ages, Cleft for Me",TOPLADY,,PENDING,,,,
762,There Is a Time for Everything,ST. PETER'S NORWALK,,PENDING,,,,
763,When Peace Like a River,IT IS WELL,,PENDING,,,,
764,When Aimless Violence Takes Those We Love,SURSUM CORDA,,PENDING,,,,
765,God Moves in a Mysterious Way,DUNDEE,,PENDING,,,,
766,"Our Father, Who from Heaven Above",VATER UNSER,,PENDING,,,,
767,"Jesus, Remember Me",REMEMBER ME,,PENDING,,,,
768,To God the Holy Spirit Let Us Pray,NUN BITTEN WIR,,PENDING,,,,
769,Eternal Spirit of the Living Christ,FARLEY CASTLE,,PENDING,,,,
770,What a Friend We Have in Jesus,CONVERSE,,PENDING,,,,
771,"Be Still, My Soul, Before the Lord",SHANTI,,PENDING,,,,
772,In Holy Conversation,BRED DINA VIDA VINGAR,,PENDING,,,,
773,"Hear Us, Father, When We Pray",MORGENGLANZ DER EWIGKEIT,,PENDING,,,,
774,"Feed Thy Children, God Most Holy",SCHMUCKE DICH,,PENDING,,,,
775,"Be Present at Our Table, Lord",OLD HUNDREDTH,,PENDING,,,,
776,"Come, Lord Jesus, Be Our Guest","KOMM, HERR JESU",,PENDING,,,,
777,"Grant Peace, We Pray, in Mercy, Lord",MENDELSSOHN DA PACEM,,PENDING,,,,
778,"Grant Peace, We Pray, in Mercy, Lord",VERLEIH UNS FRIEDEN,,PENDING,,,,
779,"Come, My Soul, with Every Care",VIENNA,,PENDING,,,,
780,"O Lord, Hear My Prayer",HEAR MY PRAYER,,PENDING,,,,
781,We Give Thee but Thine Own,ENERGY,,PENDING,,,,
782,"Gracious God, You Send Great Blessings",HOLY MANNA,,PENDING,,,,
783,Take My Life and Let It Be,PATMOS,,PENDING,,,,
784,Take My Life and Let It Be,HENDON,,PENDING,,,,
785,"We Praise You, O God",KREMSER,,PENDING,,,,
786,Lord of All Good,FARLEY CASTLE,,PENDING,,,,
787,The Temple Rang with Golden Coins,ST. FLAVIAN,,PENDING,,,,
788,"Forgive Us, Lord, for Shallow Thankfulness",SURSUM CORDA,,PENDING,,,,
789,Praise and Thanksgiving,BUNESSAN,,PENDING,,,,
790,"Praise to the Lord, the Almighty",LOBE DEN HERREN,,PENDING,,,,
791,All People That on Earth Do Dwell,OLD HUNDREDTH,,PENDING,,,,
792,New Songs of Celebration Render,RENDEZ A DIEU,,PENDING,,,,
793,"Praise, My Soul, the King of Heaven",LAUDA ANIMA,,PENDING,,,,
794,"The Lord, My God, Be Praised",NUN DANKET ALLE GOTT,,PENDING,,,,
795,Voices Raised to You We Offer,SONG OF PRAISE,,PENDING,,,,
796,When in Our Music God Is Glorified,ENGELBERG,,PENDING,,,,
797,Praise the Almighty,"LOBE DEN HERREN, O MEINE SEELE",,PENDING,,,,
798,The God of Abraham Praise,YIGDAL,,PENDING,,,,
799,Alabare - I,ALABARE,,PENDING,,,,
800,Alabare - II,ALABARE,,PENDING,,,,
801,How Great Thou Art,O STORE GUD,,PENDING,,,,
802,"Immortal, Invisible, God Only Wise",ST. DENIO,,PENDING,,,,
803,Joyful Joyful We Adore Thee,HYMN TO JOY,,PENDING,,,,
804,O Worship the King,HANOVER,,PENDING,,,,
805,"Praise God, from Whom All Blessings Flow",OLD HUNDREDTH,,PENDING,,,,
806,Give Thanks with a Grateful Heart,GIVE THANKS,,PENDING,,,,
807,When Morning Gilds the Skies,LAUDES DOMINI,,PENDING,,,,
808,O Sing to the Lord,CANTAD AL SENOR,,PENDING,,,,
809,Great Is Thy Faithfulness,FAITHFULNESS,,PENDING,,,,
810,"O God of God, O Light of Light",O GROSSER GOTT,,PENDING,,,,
811,"Oh, That I Had a Thousand Voices",O DASS ICH TAUSEND ZUNGEN HATTE (KONIG),,PENDING,,,,
812,"Come, Let Us Join Our Cheerful Songs",NUN DANKET ALL,,PENDING,,,,
813,"Rejoice, O Pilgrim Throng",MARION,,PENDING,,,,
814,"O Bless the Lord, My Soul",ST. THOMAS,,PENDING,,,,
815,"All Praise to Thee, for Thou, O King Divine",ENGELBERG,,PENDING,,,,
816,From All That Dwell Below the Skies,LASST UNS ERFREUEN,,PENDING,,,,
817,Earth and All Stars,EARTH AND ALL STARS,,PENDING,,,,
818,In Thee Is Gladness,IN DIR IST FREUDE,,PENDING,,,,
819,"Sing Praise to God, the Highest Good","LOBT GOTT DEN HERREN, IHR",,PENDING,,,,
820,"My Soul, Now Praise Your Maker!","NUN LOB, MEIN SEEL",,PENDING,,,,
821,Alleluia! Sing to Jesus,HYFRYDOL,,PENDING,,,,
822,Alleluia! Let Praise Ring,WIE SCHON LEUCHTET,,PENDING,,,,
823,May God Bestow on Us His Grace,ES WOLLE GOTT UNS GNADIG SEIN,,PENDING,,,,
824,May God Bestow on Us His Grace,ELVET BANKS,,PENDING,,,,
825,"Rise, Shine, You People",WOJTKIEWIECZ,,PENDING,,,,
826,"Hark, the Voice of Jesus Crying",GALILEAN,,PENDING,,,,
827,"Hark, the Voice of Jesus Calling",GALILEAN,,PENDING,,,,
828,We Are Called to Stand Together,ASCENDED TRIUMPH,,PENDING,,,,
829,Christ the Eternal Lord,DIADEMATA,,PENDING,,,,
830,Spread the Reign of God the Lord,GOTT SEI DANK,,PENDING,,,,
831,"""How Shall They Hear,"" Who Have Not Heard",ANGELUS,,PENDING,,,,
832,Jesus Shall Reign,DUKE STREET,,PENDING,,,,
833,"Listen, God Is Calling",NENO LAKE MUNGU,,PENDING,,,,
834,"O God, O Lord of Heaven and Earth",WITTENBERG NEW,,PENDING,,,,
835,On Galilee's High Mountain,MISSIONARY HYMN,,PENDING,,,,
836,O God of Light,ATKINSON,,PENDING,,,,
837,Lift High the Cross,CRUCIFER,,PENDING,,,,
838,The Saints in Christ Are One in Every Place,WOODLANDS,,PENDING,,,,
839,"O Christ, Our True and Only Light","O JESU CHRISTE, WAHRES LICHT",,PENDING,,,,
840,"Christ High-Ascended, Now in Glory Seated",ISTE CONFESSOR,,PENDING,,,,
841,"O Son of God, in Galilee",TWENTY-FOURTH,,PENDING,,,,
842,"Son of God, Eternal Savior",IN BABILONE,,PENDING,,,,
843,"""Forgive Our Sins as We Forgive""",DETROIT,,PENDING,,,,
844,"Lord of All Nations, Grant Me Grace",ANGELUS,,PENDING,,,,
845,Where Charity and Love Prevail,TWENTY-FOURTH,,PENDING,,,,
846,"Your Hand, O Lord, in Days of Old",KINGSFOLD,,PENDING,,,,
847,"Christ, Our Human Likeness Sharing",GRAFTON,,PENDING,,,,
848,"Lord, Whose Love Through Humble Service",BEACH SPRING,,PENDING,,,,
849,Praise the One Who Breaks the Darkness,BEACH SPRING,,PENDING,,,,
850,God of Grace and God of Glory,CWM RHONDDA,,PENDING,,,,
851,"Lord of Glory, You Have Bought Us",HYFRYDOL,,PENDING,,,,
852,"O God of Mercy, God of Might",ISLEWORTH,,PENDING,,,,
853,"How Clear Is Our Vocation, Lord",REPTON,,PENDING,,,,
854,"Forth in Thy Name, O Lord, I Go",LAKEWOOD,,PENDING,,,,
855,For All the Faithful Women,KUORTANE,,PENDING,,,,
856,"O Christ, Who Called the Twelve",TERRA BEATA,,PENDING,,,,
857,"Lord, Help Us Walk Your Servant Way",ST. FLAVIAN,,PENDING,,,,
858,"O Father, All Creating",AURELIA,,PENDING,,,,
859,"Lord, When You Came as Welcome Guest",LAND OF REST,,PENDING,,,,
860,"Gracious Savior, Grant Your Blessing",HYFRYDOL,,PENDING,,,,
861,Christ Be My Leader,SLANE,,PENDING,,,,
862,"Oh, Blest the House",WO GOTT ZUM HAUS,,PENDING,,,,
863,"Our Father, by Whose Name",RHOSYMEDRE,,PENDING,,,,
864,Shepherd of Tender Youth,ITALIAN HYMN,,PENDING,,,,
865,"Lord, Help Us Ever to Retain","HERR JESU CHRIST, MEINS",,PENDING,,,,
866,"Lord Jesus Christ, the Children's Friend",WAREHAM,,PENDING,,,,
867,Let Children Hear the Mighty Deeds,NUN DANKET ALL,,PENDING,,,,
868,"Awake, My Soul, and with the Sun",MORNING HYMN,,PENDING,,,,
869,With the Lord Begin Your Task,FANG DEIN WERK,,PENDING,,,,
870,Now That the Daylight Fills the Sky,LAUREL,,PENDING,,,,
871,Greet the Rising Sun,LE P'ING,,PENDING,,,,
872,"Come, Thou Bright and Morning Star",MORGENGLANZ DER EWIGKEIT,,PENDING,,,,
873,"Christ, Whose Glory Fills the Skies",RATISBON,,PENDING,,,,
874,O Splendor of God's Glory Bright,PUTNAM,,PENDING,,,,
875,"Father, We Praise Thee",CHRISTE SANCTORUM,,PENDING,,,,
876,"O Blessed, Holy Trinity",O HEILIGE DREIFALTIGKEIT,,PENDING,,,,
877,"God, Who Made the Earth and Heaven",AR HYD Y NOS,,PENDING,,,,
878,Abide with Me,EVENTIDE,,PENDING,,,,
879,Stay with Us,STAY WITH US,,PENDING,,,,
880,Now Rest Beneath Night's Shadow,"O WELT, ICH MUSS DICH LASSEN",,PENDING,,,,
881,"Christ, Mighty Savior",INNISFREE FARM,,PENDING,,,,
882,"O Christ, Who Art the Light and Day",CONDITOR ALME SIDERUM,,PENDING,,,,
883,"All Praise to Thee, My God, This Night",TALLIS' CANON,,PENDING,,,,
884,"Lord, Support Us All Day Long",GWALCHMAI,,PENDING,,,,
885,"I Lie, O Lord, Within Your Care","ICH LIEGE, HERR IN DEINER HUT",,PENDING,,,,
886,The Day Thou Gavest,ST. CLEMENT,,PENDING,,,,
887,Now the Light Has Gone Away,MUDE BIN ICH,,PENDING,,,,
888,"O Gladsome Light, O Grace",NUNC DIMITTIS,,PENDING,,,,
889,Before the Ending of the Day,JAM LUCIS,,PENDING,,,,
890,"O Blessed Light, O Trinity",O HEILIGE DREIFALTIGKEIT,,PENDING,,,,
891,"O Light, Whose Splendor",ST. CLEMENT,,PENDING,,,,
892,"Come, Ye Thankful People, Come",ST. GEORGE'S WINDSOR,,PENDING,,,,
893,Sing to the Lord of Harvest,WIE LIEBLICH IST DER MAIEN,,PENDING,,,,
894,For the Fruits of His Creation,AR HYD Y NOS,,PENDING,,,,
895,Now Thank We All Our God,NUN DANKET ALLE GOTT,,PENDING,,,,
896,Now Greet the Swiftly Changing Year,SIXTH NIGHT,,PENDING,,,,
897,"O Rejoice, Ye Christians, Loudly","FREUET EUCH, IHR CHRISTEN",,PENDING,,,,
898,The Ancient Law Departs,POTSDAM,,PENDING,,,,
899,Across the Sky the Shades of Night,ALLEIN GOTT IN DER HOH,,PENDING,,,,
900,Jesus! Name of Wondrous Love,GOTT SEI DANK,,PENDING,,,,
901,Open Now Thy Gates of Beauty,UNSER HERRSCHER,,PENDING,,,,
902,"Lord Jesus Christ, Be Present Now","HERR JESU CHRIST, DICH ZU UNS WEND",,PENDING,,,,
903,This Is the Day the Lord Has Made,NUN DANKET ALL,,PENDING,,,,
904,"Blessed Jesus, at Your Word","LIEBSTER JESU, WIR SIND HIER",,PENDING,,,,
905,"Come, Thou Almighty King",ITALIAN HYMN,,PENDING,,,,
906,O Day of Rest and Gladness,ELLACOMBE,,PENDING,,,,
907,God Himself Is Present,WUNDERBARER KONIG,,PENDING,,,,
908,"Lord, Open Now My Heart to Hear","ERHALT UNS, HERR",,PENDING,,,,
909,Christ Is Made the Sure Foundation,WESTMINSTER ABBEY,,PENDING,,,,
910,Now the Silence,NOW,,PENDING,,,,
911,"Lord, This Day We've Come to Worship",GLORIOUS NAME,,PENDING,,,,
912,Christ Is Our Cornerstone,DARWALL'S 148TH,,PENDING,,,,
913,"O Holy Spirit, Enter In",WIE SCHON LEUCHTET,,PENDING,,,,
914,"Light of Light, O Sole-Begotten",WESTMINSTER ABBEY,,PENDING,,,,
915,Today Your Mercy Calls Us,ANTHES,,PENDING,,,,
916,Only-Begotten Word of God Eternal,ISTE CONFESSOR,,PENDING,,,,
917,"Savior, Again to Thy Dear Name We Raise",ELLERS,,PENDING,,,,
918,"Guide Me, O Thou Great Redeemer",CWM RHONDDA,,PENDING,,,,
919,"Abide, O Dearest Jesus","CHRISTUS, DER IST MEIN LEBEN",,PENDING,,,,
920,Forth in the Peace of Christ We Go,ANGELUS,,PENDING,,,,
921,On What Has Now Been Sown,DARWALL'S 148TH,,PENDING,,,,
922,"Go, My Children, with My Blessing",AR HYD Y NOS,,PENDING,,,,
923,"Almighty Father, Bless the Word",OLD HUNDREDTH,,PENDING,,,,
924,"Lord, Dismiss Us with Your Blessing",REGENT SQUARE,,PENDING,,,,
925,Song of Moses and Israel,[I will sing to the LORD],,PENDING,,,,
926,Song from Deuteronomy,[The LORD will vindicate His people],,PENDING,,,,
927,First Song of Isaiah,[The LORD GOD is my strength and my song],,PENDING,,,,
928,Song of Hannah,[My heart exults in the LORD],,PENDING,,,,
929,I Will Greatly Rejoice in the Lord,[The Lord GOD will cause righteousness and praise],,PENDING,,,,
930,"All You Works of God, Bless the Lord",LINSTEAD,,PENDING,,,,
931,All You Works of the Lord,[Praise Him and magnify Him forever],,PENDING,,,,
932,Jesus Sat with His Disciples,JOYOUS LIGHT,,PENDING,,,,
933,My Soul Rejoices,IN DIR IST FREUDE,,PENDING,,,,
934,My Soul Now Magnifies the Lord,WO GOTT ZUM HAUS,,PENDING,,,,
935,"Tell Out, My Soul, the Greatness of the Lord",WOODLANDS,,PENDING,,,,
936,Sing Praise to the God of Israel,DEN SIGNEDE DAG,,PENDING,,,,
937,"Lord, Bid Your Servant Go in Peace",LAND OF REST,,PENDING,,,,
938,In Peace and Joy I Now Depart,MIT FRIED UND FREUD,,PENDING,,,,
939,You Are God; We Praise You,[You are God: we praise You],,PENDING,,,,
940,"Holy God, We Praise Thy Name",GROSSER GOTT,,PENDING,,,,
941,"We Praise You and Acknowledge You, O God",THAXTED,,PENDING,,,,
942,"Kyrie! God, Father","KYRIE, GOTT VATER",,PENDING,,,,
943,"Kyrie - I (Lord, Have Mercy)","[Kyrie, Kyrie eleison]",,PENDING,,,,
944,"Kyrie - II (Lord, Have Mercy)",[Kyrie eleison],,PENDING,,,,
945,"Your Heart, O God, Is Grieved","ZNAME TO, PANE BOZE NAS",,PENDING,,,,
946,"Glory to God, We Give You Thanks and Praise",WOODLANDS,,PENDING,,,,
947,All Glory Be to God on High,ALLEIN GOTT IN DER HOH,,PENDING,,,,
948,All Glory Be to God Alone,ALL EHR UND LOB,,PENDING,,,,
949,Heavenly Hosts in Ceaseless Worship,LOVE'S LIGHT,,PENDING,,,,
950,Splendor and Honor,SHADES MOUNTAIN,,PENDING,,,,
951,Alleluia - I,"[Alleluia, alleluia, alleluia]",,PENDING,,,,
952,Alleluia - II,"[Alleluia, alleluia]",,PENDING,,,,
953,We All Believe in One True God,WIR GLAUBEN ALL (Metrical),,PENDING,,,,
954,We All Believe in One True God,WIR GLAUBEN ALL (Chant),,PENDING,,,,
955,Let the Vineyards Be Fruitful,"[Let the vineyards be fruitful, Lord]",,PENDING,,,,
956,Create in Me,"SCHAFFE IN MIR, GOTT",,PENDING,,,,
957,Our Father Who Art in Heaven - I,[Our Father who art in heaven],,PENDING,,,,
958,Our Father Who Art in Heaven - Iia,PADRE NUESTRO,,PENDING,,,,
959,Our Father Who Art in Heaven - Iib,PADRE NUESTRO,,PENDING,,,,
960,"Isaiah, Mighty Seer in Days of Old","JESAIA, DEM PROPHETEN",,PENDING,,,,
961,"Sanctus (Holy, Holy, Holy)","[Holy, holy, holy Lord God of Sabaoth]",,PENDING,,,,
962,Agnus Dei - I (Lamb of God),[Lamb of God],,PENDING,,,,
963,Agnus Dei - II (Lamb of God),[Lamb of God],,PENDING,,,,
964,Lift Every Voice and Sing,LIFT EVERY VOICE,,PENDING,,,,
965,God Bless Our Native Land,NATIONAL ANTHEM,,PENDING,,,,
966,"Before You, Lord, We Bow",DARWALL'S 148TH,,PENDING,,,,
